,Date,Close,Volume
0,12/18/2013,4070.0600590000004,2178330000
1,12/19/2013,4058.139893,1813050000
2,12/20/2013,4104.740234000001,3510420000
3,12/23/2013,4148.899902,1779400000
4,12/24/2013,4155.419922,802270000
5,12/26/2013,4167.180176,1180670000
6,12/27/2013,4156.589844,1255020000
7,12/30/2013,4154.200195,1349470000
8,12/31/2013,4176.589844,1401140000
9,1/2/2014,4143.069824,1738820000
10,1/3/2014,4131.910156,1667480000
11,1/6/2014,4113.680176,2292840000
12,1/7/2014,4153.180176,2278220000
13,1/8/2014,4165.609863000001,2345220000
14,1/9/2014,4156.189941,2214770000
15,1/10/2014,4174.669922,2143070000
16,1/13/2014,4113.299805,2322240000
17,1/14/2014,4183.02002,2034180000
18,1/15/2014,4214.879883,2101870000
19,1/16/2014,4218.689941,2005850000
20,1/17/2014,4197.580078,2150370000
21,1/21/2014,4225.759765999999,2034030000
22,1/22/2014,4243.0,2026910000
23,1/23/2014,4218.879883,2191980000
24,1/24/2014,4128.169922,2489470000
25,1/27/2014,4083.610107,2398280000
26,1/28/2014,4097.959961,2091180000
27,1/29/2014,4051.429932,2231850000
28,1/30/2014,4123.129883,2168410000
29,1/31/2014,4103.879883,2300570000
30,2/3/2014,3996.959961,2617030000
31,2/4/2014,4031.5200200000004,2173360000
32,2/5/2014,4011.5500490000004,2168360000
33,2/6/2014,4057.1201170000004,1942700000
34,2/7/2014,4125.859863000001,2055850000
35,2/10/2014,4148.169922,1811970000
36,2/11/2014,4191.049805,1993950000
37,2/12/2014,4201.290039,2035890000
38,2/13/2014,4240.669922,2249990000
39,2/14/2014,4244.02002,1881510000
40,2/18/2014,4272.779785,1886210000
41,2/19/2014,4237.950195,1956720000
42,2/20/2014,4267.549805,1992780000
43,2/21/2014,4263.410156,2138250000
44,2/24/2014,4292.970215,2161300000
45,2/25/2014,4287.589844,2137150000
46,2/26/2014,4292.060059,2108270000
47,2/27/2014,4318.930176,2049160000
48,2/28/2014,4308.120117,2617730000
49,3/3/2014,4277.299805,2077500000
50,3/4/2014,4351.970215,2477850000
51,3/5/2014,4357.970215,2215980000
52,3/6/2014,4352.129883,2136260000
53,3/7/2014,4336.220215,2175560000
54,3/10/2014,4334.450195,2111610000
55,3/11/2014,4307.189941,2477780000
56,3/12/2014,4323.330078,2131880000
57,3/13/2014,4260.419922,2383600000
58,3/14/2014,4245.399902,2196890000
59,3/17/2014,4279.950195,1810410000
60,3/18/2014,4333.310059,1962890000
61,3/19/2014,4307.600098,1992750000
62,3/20/2014,4319.290039,1847270000
63,3/21/2014,4276.790039,3245740000
64,3/24/2014,4226.390136999999,2434650000
65,3/25/2014,4234.27002,2270760000
66,3/26/2014,4173.580078,2455460000
67,3/27/2014,4151.22998,2270650000
68,3/28/2014,4155.759765999999,2029840000
69,3/31/2014,4198.990234000001,2090850000
70,4/1/2014,4268.040039,2153130000
71,4/2/2014,4276.459961,2187100000
72,4/3/2014,4237.740234000001,2067370000
73,4/4/2014,4127.72998,2621270000
74,4/7/2014,4079.75,2554680000
75,4/8/2014,4112.990234000001,2198900000
76,4/9/2014,4183.899902,1957560000
77,4/10/2014,4054.110107,2421210000
78,4/11/2014,3999.7299799999996,2264480000
79,4/14/2014,4022.6899409999996,1890480000
80,4/15/2014,4034.1599119999996,2413110000
81,4/16/2014,4086.2299799999996,1863110000
82,4/17/2014,4095.5200200000004,1954720000
83,4/21/2014,4121.549805,1544440000
84,4/22/2014,4161.459961,1875930000
85,4/23/2014,4126.970215,1794760000
86,4/24/2014,4148.339844,2130870000
87,4/25/2014,4075.5600590000004,2087140000
88,4/28/2014,4074.399902,2348320000
89,4/29/2014,4103.540039,1911240000
90,4/30/2014,4114.560059,2151400000
91,5/1/2014,4127.450195,2077040000
92,5/2/2014,4123.899902,1844790000
93,5/5/2014,4138.060059,1561170000
94,5/6/2014,4080.76001,1850610000
95,5/7/2014,4067.669922,2486030000
96,5/8/2014,4051.5,2411940000
97,5/9/2014,4071.8701170000004,1976160000
98,5/12/2014,4143.859863000001,1880020000
99,5/13/2014,4130.169922,1923480000
100,5/14/2014,4100.629883,1764430000
101,5/15/2014,4069.290039,2083030000
102,5/16/2014,4090.5900880000004,1741070000
103,5/19/2014,4125.810059,1601400000
104,5/20/2014,4096.890136999999,1797910000
105,5/21/2014,4131.540039,1703500000
106,5/22/2014,4154.339844,1835810000
107,5/23/2014,4185.810059,1536610000
108,5/27/2014,4237.069824,1812330000
109,5/28/2014,4225.080078,1785140000
110,5/29/2014,4247.950195,1714000000
111,5/30/2014,4242.620117,1903660000
112,6/2/2014,4237.200195,1631310000
113,6/3/2014,4234.080078,1718640000
114,6/4/2014,4251.640136999999,1610090000
115,6/5/2014,4296.22998,1926750000
116,6/6/2014,4321.399902,1616650000
117,6/9/2014,4336.240234000001,1783060000
118,6/10/2014,4338.0,1787120000
119,6/11/2014,4331.930176,1778460000
120,6/12/2014,4297.629883,1908190000
121,6/13/2014,4310.649902,1754560000
122,6/16/2014,4321.100098,1675120000
123,6/17/2014,4337.22998,1814360000
124,6/18/2014,4362.839844,1860660000
125,6/19/2014,4359.330078,1845460000
126,6/20/2014,4368.040039,2721380000
127,6/23/2014,4368.680176,1712930000
128,6/24/2014,4350.350098,2014700000
129,6/25/2014,4379.759765999999,1722820000
130,6/26/2014,4379.049805,1554070000
131,6/27/2014,4397.930176,3964930000
132,6/30/2014,4408.180176,1848110000
133,7/1/2014,4458.649902,1942550000
134,7/2/2014,4457.72998,1599480000
135,7/3/2014,4485.930176,1001730000
136,7/7/2014,4451.529785,1691390000
137,7/8/2014,4391.459961,2221820000
138,7/9/2014,4419.029785,1736960000
139,7/10/2014,4396.200195,1682920000
140,7/11/2014,4415.490234000001,1511250000
141,7/14/2014,4440.419922,1579660000
142,7/15/2014,4416.390136999999,1772030000
143,7/16/2014,4425.970215,2059340000
144,7/17/2014,4363.450195,2055240000
145,7/18/2014,4432.149902,1823580000
146,7/21/2014,4424.700195,1557820000
147,7/22/2014,4456.02002,1724440000
148,7/23/2014,4473.700195,1909810000
149,7/24/2014,4472.109863000001,1935090000
150,7/25/2014,4449.560059,1711430000
151,7/28/2014,4444.910156,1783250000
152,7/29/2014,4442.700195,2090810000
153,7/30/2014,4462.899902,1872430000
154,7/31/2014,4369.77002,2273380000
155,8/1/2014,4352.640136999999,2050340000
156,8/4/2014,4383.890136999999,1677400000
157,8/5/2014,4352.839844,1916180000
158,8/6/2014,4355.049805,1819310000
159,8/7/2014,4334.970215,1866330000
160,8/8/2014,4370.899902,1759060000
161,8/11/2014,4401.330078,1537880000
162,8/12/2014,4389.25,1560220000
163,8/13/2014,4434.129883,1611690000
164,8/14/2014,4453.0,1549820000
165,8/15/2014,4464.930176,1799460000
166,8/18/2014,4508.310059,1571100000
167,8/19/2014,4527.509765999999,1556560000
168,8/20/2014,4526.47998,1502290000
169,8/21/2014,4532.100098,1421730000
170,8/22/2014,4538.549805,1311810000
171,8/25/2014,4557.350098,1384620000
172,8/26/2014,4570.640136999999,1469620000
173,8/27/2014,4569.620117,1389470000
174,8/28/2014,4557.700195,1309580000
175,8/29/2014,4580.27002,1352830000
176,9/2/2014,4598.189941,1859080000
177,9/3/2014,4572.560059,1897450000
178,9/4/2014,4562.290039,1728700000
179,9/5/2014,4582.899902,1641830000
180,9/8/2014,4592.290039,1670210000
181,9/9/2014,4552.290039,1956550000
182,9/10/2014,4586.52002,1808650000
183,9/11/2014,4591.810059,1704850000
184,9/12/2014,4567.600098,1784170000
185,9/15/2014,4518.899902,1940520000
186,9/16/2014,4552.759765999999,1879350000
187,9/17/2014,4562.189941,1796710000
188,9/18/2014,4593.430176,1774840000
189,9/19/2014,4579.790039,3178490000
190,9/22/2014,4527.689941,1881520000
191,9/23/2014,4508.689941,1847730000
192,9/24/2014,4555.220215,1765260000
193,9/25/2014,4466.75,1939610000
194,9/26/2014,4512.189941,1637480000
195,9/29/2014,4505.850098,1737750000
196,9/30/2014,4493.390136999999,2200380000
197,10/1/2014,4422.089844,2312630000
198,10/2/2014,4430.200195,2165500000
199,10/3/2014,4475.620117,1777640000
200,10/6/2014,4454.799805,1828240000
201,10/7/2014,4385.200195,2111360000
202,10/8/2014,4468.589844,2451630000
203,10/9/2014,4378.339844,2264220000
204,10/10/2014,4276.240234000001,2765750000
205,10/13/2014,4213.660156,2467830000
206,10/14/2014,4227.169922,2496120000
207,10/15/2014,4215.319824,3058740000
208,10/16/2014,4217.390136999999,2591940000
209,10/17/2014,4258.439941,2260070000
210,10/20/2014,4316.069824,1717370000
211,10/21/2014,4419.47998,1997580000
212,10/22/2014,4382.850098,1967020000
213,10/23/2014,4452.790039,1952380000
214,10/24/2014,4483.720215,1754300000
215,10/27/2014,4485.930176,1585580000
216,10/28/2014,4564.290039,1966920000
217,10/29/2014,4549.22998,2184050000
218,10/30/2014,4566.140136999999,2034960000
219,10/31/2014,4630.740234000001,2424360000
220,11/3/2014,4638.910156,2033000000
221,11/4/2014,4623.640136999999,1939320000
222,11/5/2014,4620.720215,2001870000
223,11/6/2014,4638.470215,1986820000
224,11/7/2014,4632.529785,1978830000
225,11/10/2014,4651.620117,1830010000
226,11/11/2014,4660.560059,1663690000
227,11/12/2014,4675.140136999999,1773060000
228,11/13/2014,4680.140136999999,1857580000
229,11/14/2014,4688.540039,1739950000
230,11/17/2014,4671.0,1695070000
231,11/18/2014,4702.439941,1655760000
232,11/19/2014,4675.709961,1641560000
233,11/20/2014,4701.870117,1667330000
234,11/21/2014,4712.970215,1854340000
235,11/24/2014,4754.890136999999,1568130000
236,11/25/2014,4758.25,1720140000
237,11/26/2014,4787.319824,1362930000
238,11/28/2014,4791.629883,998600000
239,12/1/2014,4727.350098,1893600000
240,12/2/2014,4755.810059,1839170000
241,12/3/2014,4774.470215,1734510000
242,12/4/2014,4769.439941,1724090000
243,12/5/2014,4780.759765999999,1767100000
244,12/8/2014,4740.689941,1966770000
245,12/9/2014,4766.470215,1950330000
246,12/10/2014,4684.02002,1850810000
247,12/11/2014,4708.160156,1873050000
248,12/12/2014,4653.600098,1888870000
249,12/15/2014,4605.160156,2143610000
250,12/16/2014,4547.830078,2231670000
251,12/17/2014,4644.310059,2279930000
252,12/18/2014,4748.399902,2172260000
253,12/19/2014,4765.379883,3287920000
254,12/22/2014,4781.419922,1720070000
255,12/23/2014,4765.419922,1590820000
256,12/24/2014,4773.470215,729750000
257,12/26/2014,4806.859863000001,930220000
258,12/29/2014,4806.910156,1227740000
259,12/30/2014,4777.439941,1269200000
260,12/31/2014,4736.049805,1515600000
261,1/2/2015,4726.810059,1435150000
262,1/5/2015,4652.569824,1794470000
263,1/6/2015,4592.740234000001,2167320000
264,1/7/2015,4650.470215,1957950000
265,1/8/2015,4736.189941,2105450000
266,1/9/2015,4704.069824,1715830000
267,1/12/2015,4664.709961,1861960000
268,1/13/2015,4661.5,2162180000
269,1/14/2015,4639.319824,2073810000
270,1/15/2015,4570.819824,1976260000
271,1/16/2015,4634.379883,1970520000
272,1/20/2015,4654.850098,1835040000
273,1/21/2015,4667.419922,1847420000
274,1/22/2015,4750.399902,1996550000
275,1/23/2015,4757.879883,1653830000
276,1/26/2015,4771.759765999999,1717510000
277,1/27/2015,4681.5,1954160000
278,1/28/2015,4637.990234000001,2118680000
279,1/29/2015,4683.410156,2110710000
280,1/30/2015,4635.240234000001,2264230000
281,2/2/2015,4676.689941,2006450000
282,2/3/2015,4727.740234000001,2153520000
283,2/4/2015,4716.700195,2212960000
284,2/5/2015,4765.100098,2036590000
285,2/6/2015,4744.399902,2034060000
286,2/9/2015,4726.009765999999,1654680000
287,2/10/2015,4787.640136999999,1773730000
288,2/11/2015,4801.180176,1793630000
289,2/12/2015,4857.609863000001,2075470000
290,2/13/2015,4893.839844,1942240000
291,2/17/2015,4899.27002,1751490000
292,2/18/2015,4906.359863000001,1684800000
293,2/19/2015,4924.700195,1592890000
294,2/20/2015,4955.970215,1761140000
295,2/23/2015,4960.970215,1754850000
296,2/24/2015,4968.120117,1834890000
297,2/25/2015,4967.140136999999,1848560000
298,2/26/2015,4987.890136999999,1905550000
299,2/27/2015,4963.529785,1955590000
300,3/2/2015,5008.100098,1931110000
301,3/3/2015,4979.899902,2018900000
302,3/4/2015,4967.140136999999,1824830000
303,3/5/2015,4982.810059,1724200000
304,3/6/2015,4927.370117,1918220000
305,3/9/2015,4942.439941,1696510000
306,3/10/2015,4859.790039,1876010000
307,3/11/2015,4849.939941,1846020000
308,3/12/2015,4893.290039,1855110000
309,3/13/2015,4871.759765999999,1851410000
310,3/16/2015,4929.509765999999,1713480000
311,3/17/2015,4937.430176,1724370000
312,3/18/2015,4982.830078,1983570000
313,3/19/2015,4992.379883,1674970000
314,3/20/2015,5026.419922,2825670000
315,3/23/2015,5010.970215,1608880000
316,3/24/2015,4994.72998,1611670000
317,3/25/2015,4876.52002,2219520000
318,3/26/2015,4863.359863000001,2004960000
319,3/27/2015,4891.220215,1678650000
320,3/30/2015,4947.439941,1778520000
321,3/31/2015,4900.879883,1837660000
322,4/1/2015,4880.22998,1874960000
323,4/2/2015,4886.939941,1563670000
324,4/6/2015,4917.319824,1737560000
325,4/7/2015,4910.22998,1572940000
326,4/8/2015,4950.819824,1714210000
327,4/9/2015,4974.560059,1729750000
328,4/10/2015,4995.97998,1494240000
329,4/13/2015,4988.25,1544190000
330,4/14/2015,4977.290039,1571360000
331,4/15/2015,5011.02002,1795530000
332,4/16/2015,5007.790039,1662850000
333,4/17/2015,4931.810059,1985190000
334,4/20/2015,4994.600098,1646340000
335,4/21/2015,5014.100098,1721260000
336,4/22/2015,5035.169922,1696380000
337,4/23/2015,5056.060059,1858620000
338,4/24/2015,5092.080078,1895150000
339,4/27/2015,5060.25,2172470000
340,4/28/2015,5055.419922,2032500000
341,4/29/2015,5023.640136999999,1871300000
342,4/30/2015,4941.419922,2269290000
343,5/1/2015,5005.390136999999,1854400000
344,5/4/2015,5016.930176,1668200000
345,5/5/2015,4939.330078,2069490000
346,5/6/2015,4919.640136999999,2144620000
347,5/7/2015,4945.540039,2042960000
348,5/8/2015,5003.549805,1978760000
349,5/11/2015,4993.569824,1731390000
350,5/12/2015,4976.189941,1705870000
351,5/13/2015,4981.689941,1672260000
352,5/14/2015,5050.799805,1741970000
353,5/15/2015,5048.290039,1667260000
354,5/18/2015,5078.439941,1643870000
355,5/19/2015,5070.029785,1750980000
356,5/20/2015,5071.740234000001,1786830000
357,5/21/2015,5090.790039,1683670000
358,5/22/2015,5089.359863000001,1544920000
359,5/26/2015,5032.75,1731950000
360,5/27/2015,5106.589844,1809550000
361,5/28/2015,5097.97998,1741420000
362,5/29/2015,5070.029785,2024170000
363,6/1/2015,5082.930176,1902120000
364,6/2/2015,5076.52002,1729750000
365,6/3/2015,5099.22998,1852680000
366,6/4/2015,5059.120117,1813960000
367,6/5/2015,5068.459961,1842890000
368,6/8/2015,5021.629883,1712210000
369,6/9/2015,5013.870117,1754340000
370,6/10/2015,5076.689941,1792980000
371,6/11/2015,5082.509765999999,1623950000
372,6/12/2015,5051.100098,1428900000
373,6/15/2015,5029.970215,1790280000
374,6/16/2015,5055.549805,1654820000
375,6/17/2015,5064.879883,1712820000
376,6/18/2015,5132.950195,1877920000
377,6/19/2015,5117.0,2468310000
378,6/22/2015,5153.970215,1619970000
379,6/23/2015,5160.089844,1613540000
380,6/24/2015,5122.410156,1628800000
381,6/25/2015,5112.189941,1614760000
382,6/26/2015,5080.509765999999,3843810000
383,6/29/2015,4958.470215,2025580000
384,6/30/2015,4986.870117,2034430000
385,7/1/2015,5013.120117,1814560000
386,7/2/2015,5009.209961,1490810000
387,7/6/2015,4991.939941,1741500000
388,7/7/2015,4997.459961,2132080000
389,7/8/2015,4909.759765999999,1931520000
390,7/9/2015,4922.399902,1861600000
391,7/10/2015,4997.700195,1590230000
392,7/13/2015,5071.509765999999,1694140000
393,7/14/2015,5104.890136999999,1682660000
394,7/15/2015,5098.939941,1691350000
395,7/16/2015,5163.180176,1823530000
396,7/17/2015,5210.140136999999,1854450000
397,7/20/2015,5218.859863000001,1814180000
398,7/21/2015,5208.120117,1774570000
399,7/22/2015,5171.77002,2035730000
400,7/23/2015,5146.410156,2003310000
401,7/24/2015,5088.629883,2004380000
402,7/27/2015,5039.779785,1942520000
403,7/28/2015,5089.209961,2025110000
404,7/29/2015,5111.72998,1890350000
405,7/30/2015,5128.779785,1908480000
406,7/31/2015,5128.279785,1926360000
407,8/3/2015,5115.379883,1790080000
408,8/4/2015,5105.549805,1819700000
409,8/5/2015,5139.939941,2041490000
410,8/6/2015,5056.439941,2290950000
411,8/7/2015,5043.540039,2008360000
412,8/10/2015,5101.799805,1784930000
413,8/11/2015,5036.790039,1912340000
414,8/12/2015,5044.390136999999,2089460000
415,8/13/2015,5033.560059,1632340000
416,8/14/2015,5048.240234000001,1487630000
417,8/17/2015,5091.700195,1510790000
418,8/18/2015,5059.350098,1501540000
419,8/19/2015,5019.049805,1785420000
420,8/20/2015,4877.490234000001,2087000000
421,8/21/2015,4706.040039,2768540000
422,8/24/2015,4526.25,3508840000
423,8/25/2015,4506.490234000001,2612800000
424,8/26/2015,4697.540039,2631660000
425,8/27/2015,4812.709961,2368880000
426,8/28/2015,4828.319824,1936540000
427,8/31/2015,4776.509765999999,1839010000
428,9/1/2015,4636.100098,2253750000
429,9/2/2015,4749.97998,1929080000
430,9/3/2015,4733.5,1803320000
431,9/4/2015,4683.919922,1574720000
432,9/8/2015,4811.930176,1765600000
433,9/9/2015,4756.529785,1963750000
434,9/10/2015,4796.25,1845770000
435,9/11/2015,4822.339844,1686190000
436,9/14/2015,4805.759765999999,1467740000
437,9/15/2015,4860.52002,1587460000
438,9/16/2015,4889.240234000001,1666380000
439,9/17/2015,4893.950195,1891510000
440,9/18/2015,4827.22998,3272150000
441,9/21/2015,4828.950195,2021530000
442,9/22/2015,4756.720215,2042880000
443,9/23/2015,4752.740234000001,1606330000
444,9/24/2015,4734.47998,1995820000
445,9/25/2015,4686.5,2050530000
446,9/28/2015,4543.970215,2387610000
447,9/29/2015,4517.319824,2293450000
448,9/30/2015,4620.160156,2398350000
449,10/1/2015,4627.080078,2133990000
450,10/2/2015,4707.779785,2183320000
451,10/5/2015,4781.259765999999,2005320000
452,10/6/2015,4748.359863000001,2085020000
453,10/7/2015,4791.149902,2149890000
454,10/8/2015,4810.790039,1984230000
455,10/9/2015,4830.470215,1804260000
456,10/12/2015,4838.640136999999,1343820000
457,10/13/2015,4796.609863000001,1565060000
458,10/14/2015,4782.850098,1902460000
459,10/15/2015,4870.100098,1942900000
460,10/16/2015,4886.689941,1855290000
461,10/19/2015,4905.470215,1619920000
462,10/20/2015,4880.970215,1711700000
463,10/21/2015,4840.120117,1895390000
464,10/22/2015,4920.049805,2156040000
465,10/23/2015,5031.859863000001,2178270000
466,10/26/2015,5034.700195,1758690000
467,10/27/2015,5030.149902,1986840000
468,10/28/2015,5095.689941,2141130000
469,10/29/2015,5074.27002,1928310000
470,10/30/2015,5053.75,2016390000
471,11/2/2015,5127.149902,1888180000
472,11/3/2015,5145.129883,2028630000
473,11/4/2015,5142.47998,2096110000
474,11/5/2015,5127.740234000001,2054490000
475,11/6/2015,5147.120117,2066430000
476,11/9/2015,5095.299805,1850770000
477,11/10/2015,5083.240234000001,1906120000
478,11/11/2015,5067.02002,1672340000
479,11/12/2015,5005.080078,1820930000
480,11/13/2015,4927.879883,2001050000
481,11/16/2015,4984.620117,1819190000
482,11/17/2015,4986.02002,1861710000
483,11/18/2015,5075.200195,2017390000
484,11/19/2015,5073.640136999999,1794110000
485,11/20/2015,5104.919922,1766630000
486,11/23/2015,5102.47998,1668280000
487,11/24/2015,5102.810059,1956920000
488,11/25/2015,5116.140136999999,1539300000
489,11/27/2015,5127.52002,781730000
490,11/30/2015,5108.669922,2244550000
491,12/1/2015,5156.310059,2035570000
492,12/2/2015,5123.220215,2060340000
493,12/3/2015,5037.529785,2088100000
494,12/4/2015,5142.27002,1897490000
495,12/7/2015,5101.810059,1952690000
496,12/8/2015,5098.240234000001,1871450000
497,12/9/2015,5022.870117,2003450000
498,12/10/2015,5045.169922,1746520000
499,12/11/2015,4933.470215,2084950000
500,12/14/2015,4952.22998,2216060000
501,12/15/2015,4995.359863000001,2054710000
502,12/16/2015,5071.129883,2036610000
503,12/17/2015,5002.549805,1897220000
504,12/18/2015,4923.080078,3765210000
505,12/21/2015,4968.919922,1673400000
506,12/22/2015,5001.109863000001,1556670000
507,12/23/2015,5045.930176,1591490000
508,12/24/2015,5048.490234000001,706880000
509,12/28/2015,5040.990234000001,1310650000
510,12/29/2015,5107.939941,1383470000
511,12/30/2015,5065.850098,1247530000
512,12/31/2015,5007.410156,1437480000
513,1/4/2016,4903.089844,2218420000
514,1/5/2016,4891.430176,1927380000
515,1/6/2016,4835.759765999999,2168620000
516,1/7/2016,4689.430176,2552590000
517,1/8/2016,4643.629883,2288750000
518,1/11/2016,4637.990234000001,2391110000
519,1/12/2016,4685.919922,2147470000
520,1/13/2016,4526.060059,2533200000
521,1/14/2016,4615.0,2565560000
522,1/15/2016,4488.419922,2818630000
523,1/19/2016,4476.950195,2394550000
524,1/20/2016,4471.689941,3204130000
525,1/21/2016,4472.060059,2447750000
526,1/22/2016,4591.180176,2153340000
527,1/25/2016,4518.490234000001,2028880000
528,1/26/2016,4567.669922,1981180000
529,1/27/2016,4468.169922,2115710000
530,1/28/2016,4506.680176,2322310000
531,1/29/2016,4613.950195,2617550000
532,2/1/2016,4620.370117,1983340000
533,2/2/2016,4516.950195,2185180000
534,2/3/2016,4504.240234000001,2466190000
535,2/4/2016,4509.560059,2200930000
536,2/5/2016,4363.140136999999,2489280000
537,2/8/2016,4283.75,2702070000
538,2/9/2016,4268.759765999999,2465790000
539,2/10/2016,4283.589844,2448380000
540,2/11/2016,4266.839844,2812330000
541,2/12/2016,4337.509765999999,1983190000
542,2/16/2016,4435.959961,2117920000
543,2/17/2016,4534.060059,2296440000
544,2/18/2016,4487.540039,1955870000
545,2/19/2016,4504.430176,1903770000
546,2/22/2016,4570.609863000001,1794020000
547,2/23/2016,4503.580078,1777750000
548,2/24/2016,4542.609863000001,1978180000
549,2/25/2016,4582.200195,1667840000
550,2/26/2016,4590.470215,1814920000
551,2/29/2016,4557.950195,2065260000
552,3/1/2016,4689.600098,2080150000
553,3/2/2016,4703.419922,1912510000
554,3/3/2016,4707.419922,1936290000
555,3/4/2016,4717.02002,2171230000
556,3/7/2016,4708.25,2084390000
557,3/8/2016,4648.819824,1993060000
558,3/9/2016,4674.379883,1789550000
559,3/10/2016,4662.160156,1936470000
560,3/11/2016,4748.470215,1801790000
561,3/14/2016,4750.279785,1615100000
562,3/15/2016,4728.669922,1692420000
563,3/16/2016,4763.970215,1781060000
564,3/17/2016,4774.990234000001,1907190000
565,3/18/2016,4795.649902,2829040000
566,3/21/2016,4808.870117,1609230000
567,3/22/2016,4821.660156,1596200000
568,3/23/2016,4768.859863000001,1732630000
569,3/24/2016,4773.5,1590990000
570,3/28/2016,4766.790039,1381000000
571,3/29/2016,4846.620117,1806490000
572,3/30/2016,4869.290039,1717820000
573,3/31/2016,4869.850098,1774270000
574,4/1/2016,4914.540039,1812250000
575,4/4/2016,4891.799805,1705730000
576,4/5/2016,4843.930176,1726010000
577,4/6/2016,4920.720215,1761770000
578,4/7/2016,4848.370117,1908940000
579,4/8/2016,4850.689941,1588830000
580,4/11/2016,4833.399902,1545540000
581,4/12/2016,4872.089844,1759280000
582,4/13/2016,4947.419922,1936450000
583,4/14/2016,4945.890136999999,1645810000
584,4/15/2016,4938.220215,1684790000
585,4/18/2016,4960.02002,1672260000
586,4/19/2016,4940.330078,1824250000
587,4/20/2016,4948.129883,1781340000
588,4/21/2016,4945.890136999999,1758190000
589,4/22/2016,4906.22998,2018930000
590,4/25/2016,4895.790039,1582270000
591,4/26/2016,4888.279785,1825020000
592,4/27/2016,4863.140136999999,1938780000
593,4/28/2016,4805.290039,2161400000
594,4/29/2016,4775.359863000001,2376460000
595,5/2/2016,4817.589844,1880460000
596,5/3/2016,4763.220215,1984340000
597,5/4/2016,4725.640136999999,1950800000
598,5/5/2016,4717.089844,1888350000
599,5/6/2016,4736.160156,1860800000
600,5/9/2016,4750.209961,1625100000
601,5/10/2016,4809.879883,1760120000
602,5/11/2016,4760.689941,1859110000
603,5/12/2016,4737.330078,1930450000
604,5/13/2016,4717.680176,1698030000
605,5/16/2016,4775.459961,1741510000
606,5/17/2016,4715.72998,1925230000
607,5/18/2016,4739.120117,1934100000
608,5/19/2016,4712.529785,1805890000
609,5/20/2016,4769.560059,1970520000
610,5/23/2016,4765.779785,1865110000
611,5/24/2016,4861.060059,1942280000
612,5/25/2016,4894.890136999999,1784420000
613,5/26/2016,4901.77002,1606250000
614,5/27/2016,4933.5,1505020000
615,5/31/2016,4948.049805,2285350000
616,6/1/2016,4952.25,1797090000
617,6/2/2016,4971.359863000001,1729050000
618,6/3/2016,4942.52002,1697840000
619,6/6/2016,4968.709961,1663840000
620,6/7/2016,4961.75,1747760000
621,6/8/2016,4974.640136999999,1692640000
622,6/9/2016,4958.620117,1632340000
623,6/10/2016,4894.549805,1822200000
624,6/13/2016,4848.439941,1888300000
625,6/14/2016,4843.549805,1919710000
626,6/15/2016,4834.930176,1802200000
627,6/16/2016,4844.919922,1851770000
628,6/17/2016,4800.339844,2638220000
629,6/20/2016,4837.209961,1779560000
630,6/21/2016,4843.759765999999,1698080000
631,6/22/2016,4833.319824,1682220000
632,6/23/2016,4910.040039,1738570000
633,6/24/2016,4707.97998,4411040000
634,6/27/2016,4594.439941,2659650000
635,6/28/2016,4691.870117,2074090000
636,6/29/2016,4779.25,2116550000
637,6/30/2016,4842.669922,2171180000
638,7/1/2016,4862.569824,1745130000
639,7/5/2016,4822.899902,1690340000
640,7/6/2016,4859.160156,1876090000
641,7/7/2016,4876.810059,1672770000
642,7/8/2016,4956.759765999999,1947260000
643,7/11/2016,4988.640136999999,1718450000
644,7/12/2016,5022.819824,1866280000
645,7/13/2016,5005.72998,1650820000
646,7/14/2016,5034.060059,1641170000
647,7/15/2016,5029.589844,1610300000
648,7/18/2016,5055.779785,1585570000
649,7/19/2016,5036.370117,1694740000
650,7/20/2016,5089.930176,1877330000
651,7/21/2016,5073.899902,1880310000
652,7/22/2016,5100.160156,1639000000
653,7/25/2016,5097.629883,1770620000
654,7/26/2016,5110.049805,2038060000
655,7/27/2016,5139.810059,2122250000
656,7/28/2016,5154.97998,1950910000
657,7/29/2016,5162.129883,2072640000
658,8/1/2016,5184.200195,1866590000
659,8/2/2016,5137.72998,2142010000
660,8/3/2016,5159.740234000001,1909470000
661,8/4/2016,5166.25,1930000000
662,8/5/2016,5221.120117,2017720000
663,8/8/2016,5213.140136999999,1624450000
664,8/9/2016,5225.47998,1664320000
665,8/10/2016,5204.580078,1651240000
666,8/11/2016,5228.399902,1511670000
667,8/12/2016,5232.890136999999,1501620000
668,8/15/2016,5262.02002,1533170000
669,8/16/2016,5227.109863000001,1698390000
670,8/17/2016,5228.660156,1747890000
671,8/18/2016,5240.149902,1659080000
672,8/19/2016,5238.379883,1632740000
673,8/22/2016,5244.600098,1560210000
674,8/23/2016,5260.080078,1547050000
675,8/24/2016,5217.689941,1714780000
676,8/25/2016,5212.200195,1511890000
677,8/26/2016,5218.919922,1591060000
678,8/29/2016,5232.330078,1416640000
679,8/30/2016,5222.990234000001,1561020000
680,8/31/2016,5213.220215,1761770000
681,9/1/2016,5227.209961,1592520000
682,9/2/2016,5249.899902,1474200000
683,9/6/2016,5275.910156,1777940000
684,9/7/2016,5283.930176,1878460000
685,9/8/2016,5259.47998,1839790000
686,9/9/2016,5125.910156,2208690000
687,9/12/2016,5211.890136999999,2007610000
688,9/13/2016,5155.25,2071460000
689,9/14/2016,5173.77002,1902680000
690,9/15/2016,5249.689941,1950940000
691,9/16/2016,5244.569824,3013860000
692,9/19/2016,5235.029785,1791120000
693,9/20/2016,5241.350098,1695190000
694,9/21/2016,5295.180176,1999690000
695,9/22/2016,5339.52002,1882100000
696,9/23/2016,5305.75,1761330000
697,9/26/2016,5257.490234000001,1669520000
698,9/27/2016,5305.709961,1751060000
699,9/28/2016,5318.549805,1785470000
700,9/29/2016,5269.149902,1941170000
701,9/30/2016,5312.0,2059800000
702,10/3/2016,5300.870117,1604060000
703,10/4/2016,5289.660156,1708990000
704,10/5/2016,5316.02002,1753340000
705,10/6/2016,5306.850098,1654020000
706,10/7/2016,5292.399902,1646650000
707,10/10/2016,5328.669922,1364150000
708,10/11/2016,5246.790039,1821680000
709,10/12/2016,5239.02002,1565940000
710,10/13/2016,5213.330078,1735310000
711,10/14/2016,5214.160156,1594480000
712,10/17/2016,5199.819824,1424270000
713,10/18/2016,5243.839844,1474430000
714,10/19/2016,5246.410156,1546960000
715,10/20/2016,5241.830078,1741820000
716,10/21/2016,5257.399902,1649470000
717,10/24/2016,5309.830078,1531970000
718,10/25/2016,5283.399902,1579490000
719,10/26/2016,5250.27002,1725900000
720,10/27/2016,5215.970215,1918690000
721,10/28/2016,5190.100098,1895970000
722,10/31/2016,5189.140136999999,1707260000
723,11/1/2016,5153.580078,1878650000
724,11/2/2016,5105.569824,2105870000
725,11/3/2016,5058.410156,2107720000
726,11/4/2016,5046.370117,2015130000
727,11/7/2016,5166.169922,1914310000
728,11/8/2016,5193.490234000001,1736100000
729,11/9/2016,5251.069824,2824560000
730,11/10/2016,5208.799805,2984360000
731,11/11/2016,5237.109863000001,2285050000
732,11/14/2016,5218.399902,2369190000
733,11/15/2016,5275.620117,2156500000
734,11/16/2016,5294.580078,2057140000
735,11/17/2016,5333.970215,2081760000
736,11/18/2016,5321.509765999999,1858610000
737,11/21/2016,5368.859863000001,1745320000
738,11/22/2016,5386.350098,1886800000
739,11/23/2016,5380.680176,1616740000
740,11/25/2016,5398.919922,768070000
741,11/28/2016,5368.810059,1625620000
742,11/29/2016,5379.919922,1788790000
743,11/30/2016,5323.680176,2064430000
744,12/1/2016,5251.109863000001,2264960000
745,12/2/2016,5255.649902,1848930000
746,12/5/2016,5308.890136999999,1798160000
747,12/6/2016,5333.0,1974850000
748,12/7/2016,5393.759765999999,2122590000
749,12/8/2016,5417.359863000001,2231070000
750,12/9/2016,5444.5,2038700000
751,12/12/2016,5412.540039,1927560000
752,12/13/2016,5463.830078,2085710000
753,12/14/2016,5436.669922,1974150000
754,12/15/2016,5456.850098,2095910000
755,12/16/2016,5437.160156,3257750000
756,12/19/2016,5457.439941,1685800000
757,12/20/2016,5483.939941,1678040000
758,12/21/2016,5471.430176,1493900000
759,12/22/2016,5447.419922,1582600000
760,12/23/2016,5462.689941,1144280000
761,12/27/2016,5487.439941,1216870000
762,12/28/2016,5438.560059,1322130000
763,12/29/2016,5432.089844,1264480000
764,12/30/2016,5383.120117,1550820000
765,1/3/2017,5429.080078,1886200000
766,1/4/2017,5477.0,1883360000
767,1/5/2017,5487.939941,1792610000
768,1/6/2017,5521.060059,1710770000
769,1/9/2017,5531.819824,1885500000
770,1/10/2017,5551.819824,1796500000
771,1/11/2017,5563.649902,1954720000
772,1/12/2017,5547.490234000001,1801750000
773,1/13/2017,5574.120117,1605110000
774,1/17/2017,5538.72998,1757030000
775,1/18/2017,5555.649902,1683320000
776,1/19/2017,5540.080078,1805710000
777,1/20/2017,5555.330078,1740320000
778,1/23/2017,5552.939941,1650290000
779,1/24/2017,5600.959961,1805370000
780,1/25/2017,5656.339844,1959950000
781,1/26/2017,5655.180176,1827490000
782,1/27/2017,5660.779785,1663400000
783,1/30/2017,5613.709961,1777090000
784,1/31/2017,5614.790039,2041480000
785,2/1/2017,5642.649902,2223560000
786,2/2/2017,5636.200195,2073980000
787,2/3/2017,5666.77002,1786860000
788,2/6/2017,5663.549805,1732280000
789,2/7/2017,5674.220215,1919100000
790,2/8/2017,5682.450195,1945060000
791,2/9/2017,5715.180176,1943840000
792,2/10/2017,5734.129883,1852010000
793,2/13/2017,5763.959961,1840010000
794,2/14/2017,5782.569824,1945160000
795,2/15/2017,5819.439941,2083660000
796,2/16/2017,5814.899902,1943600000
797,2/17/2017,5838.580078,1875580000
798,2/21/2017,5865.950195,1935110000
799,2/22/2017,5860.629883,1872330000
800,2/23/2017,5835.509765999999,1879670000
801,2/24/2017,5845.310059,1683280000
802,2/27/2017,5861.899902,1876090000
803,2/28/2017,5825.439941,2298380000
804,3/1/2017,5904.029785,2210360000
805,3/2/2017,5861.220215,2040770000
806,3/3/2017,5870.75,1852130000
807,3/6/2017,5849.180176,1767840000
808,3/7/2017,5833.930176,1822000000
809,3/8/2017,5837.549805,1810480000
810,3/9/2017,5838.810059,1883930000
811,3/10/2017,5861.72998,1982150000
812,3/13/2017,5875.779785,1799340000
813,3/14/2017,5856.819824,1663170000
814,3/15/2017,5900.049805,1952690000
815,3/16/2017,5900.759765999999,1766980000
816,3/17/2017,5901.0,3184130000
817,3/20/2017,5901.529785,1730550000
818,3/21/2017,5793.830078,2192090000
819,3/22/2017,5821.640136999999,1857680000
820,3/23/2017,5817.689941,1742640000
821,3/24/2017,5828.740234000001,1841920000
822,3/27/2017,5840.370117,1670760000
823,3/28/2017,5875.140136999999,1820860000
824,3/29/2017,5897.549805,1718680000
825,3/30/2017,5914.339844,1723770000
826,3/31/2017,5911.740234000001,1902800000
827,4/3/2017,5894.680176,1854200000
828,4/4/2017,5898.609863000001,1790840000
829,4/5/2017,5864.47998,2204490000
830,4/6/2017,5878.950195,1845800000
831,4/7/2017,5877.810059,1692150000
832,4/10/2017,5880.930176,1630070000
833,4/11/2017,5866.77002,1821650000
834,4/12/2017,5836.160156,1658960000
835,4/13/2017,5805.149902,1581870000
836,4/17/2017,5856.790039,1381290000
837,4/18/2017,5849.470215,1608870000
838,4/19/2017,5863.029785,1752620000
839,4/20/2017,5916.779785,1749110000
840,4/21/2017,5910.52002,1723210000
841,4/24/2017,5983.819824,1836570000
842,4/25/2017,6025.490234000001,1895430000
843,4/26/2017,6025.22998,1894210000
844,4/27/2017,6048.939941,1876700000
845,4/28/2017,6047.609863000001,1995160000
846,5/1/2017,6091.600098,1757000000
847,5/2/2017,6095.370117,2146730000
848,5/3/2017,6072.549805,2149360000
849,5/4/2017,6075.339844,2056270000
850,5/5/2017,6100.759765999999,1899570000
851,5/8/2017,6102.660156,1909710000
852,5/9/2017,6120.589844,1997490000
853,5/10/2017,6129.140136999999,2108000000
854,5/11/2017,6115.959961,1950910000
855,5/12/2017,6121.22998,1740960000
856,5/15/2017,6149.669922,1850790000
857,5/16/2017,6169.870117,1999330000
858,5/17/2017,6011.240234000001,2347480000
859,5/18/2017,6055.129883,2131520000
860,5/19/2017,6083.700195,1905520000
861,5/22/2017,6133.620117,1726230000
862,5/23/2017,6138.709961,1705860000
863,5/24/2017,6163.02002,1666050000
864,5/25/2017,6205.259765999999,1767690000
865,5/26/2017,6210.189941,1571040000
866,5/30/2017,6203.189941,1688480000
867,5/31/2017,6198.52002,2209400000
868,6/1/2017,6246.830078,1943610000
869,6/2/2017,6305.799805,1820000000
870,6/5/2017,6295.680176,1739820000
871,6/6/2017,6275.060059,1889690000
872,6/7/2017,6297.379883,1822270000
873,6/8/2017,6321.759765999999,2128780000
874,6/9/2017,6207.919922,3152050000
875,6/12/2017,6175.459961,2586540000
876,6/13/2017,6220.370117,2062110000
877,6/14/2017,6194.890136999999,1940440000
878,6/15/2017,6165.5,1858130000
879,6/16/2017,6151.759765999999,3120640000
880,6/19/2017,6239.009765999999,1976970000
881,6/20/2017,6188.029785,2570130000
882,6/21/2017,6233.950195,2401440000
883,6/22/2017,6236.689941,2170250000
884,6/23/2017,6265.25,2704600000
885,6/26/2017,6247.149902,2150630000
886,6/27/2017,6146.620117,2181830000
887,6/28/2017,6234.410156,2069400000
888,6/29/2017,6144.350098,2402250000
889,6/30/2017,6140.419922,1998330000
890,7/3/2017,6110.060059,1099560000
891,7/5/2017,6150.859863000001,1872130000
892,7/6/2017,6089.459961,1990590000
893,7/7/2017,6153.080078,1700630000
894,7/10/2017,6176.390136999999,1675470000
895,7/11/2017,6193.299805,1808110000
896,7/12/2017,6261.169922,1820550000
897,7/13/2017,6274.439941,1803810000
898,7/14/2017,6312.470215,1608120000
899,7/17/2017,6314.430176,1558030000
900,7/18/2017,6344.310059,1762400000
901,7/19/2017,6385.040039,1862910000
902,7/20/2017,6390.0,1818880000
903,7/21/2017,6387.75,1797100000
904,7/24/2017,6410.810059,1735520000
905,7/25/2017,6412.169922,1925230000
906,7/26/2017,6422.75,1988040000
907,7/27/2017,6382.189941,2483560000
908,7/28/2017,6374.680176,1860770000
909,7/31/2017,6348.120117,1891710000
910,8/1/2017,6362.939941,1812590000
911,8/2/2017,6362.649902,2104130000
912,8/3/2017,6340.339844,2113440000
913,8/4/2017,6351.560059,1907170000
914,8/7/2017,6383.77002,1701550000
915,8/8/2017,6370.459961,1914670000
916,8/9/2017,6352.330078,2033760000
917,8/10/2017,6216.870117,2204700000
918,8/11/2017,6256.560059,1794850000
919,8/14/2017,6340.22998,1698560000
920,8/15/2017,6333.009765999999,1580060000
921,8/16/2017,6345.109863000001,1804730000
922,8/17/2017,6221.910156,2041220000
923,8/18/2017,6216.529785,1964590000
924,8/21/2017,6213.129883,1576070000
925,8/22/2017,6297.47998,1597700000
926,8/23/2017,6278.410156,1533220000
927,8/24/2017,6271.330078,1616780000
928,8/25/2017,6265.640136999999,1442900000
929,8/28/2017,6283.02002,1558690000
930,8/29/2017,6301.890136999999,1637640000
931,8/30/2017,6368.310059,1712070000
932,8/31/2017,6428.660156,1885710000
933,9/1/2017,6435.330078,1488040000
934,9/5/2017,6375.569824,1886950000
935,9/6/2017,6393.310059,1906030000
936,9/7/2017,6397.870117,1998380000
937,9/8/2017,6360.189941,1785560000
938,9/11/2017,6432.259765999999,1819300000
939,9/12/2017,6454.279785,1745090000
940,9/13/2017,6460.189941,1942090000
941,9/14/2017,6429.080078,1809170000
942,9/15/2017,6448.470215,2821110000
943,9/18/2017,6454.640136999999,1874440000
944,9/19/2017,6461.319824,1809710000
945,9/20/2017,6456.040039,2052520000
946,9/21/2017,6422.689941,1772790000
947,9/22/2017,6426.919922,1639100000
948,9/25/2017,6370.589844,2050410000
949,9/26/2017,6380.160156,1926420000
950,9/27/2017,6453.259765999999,2053720000
951,9/28/2017,6453.450195,1828570000
952,9/29/2017,6495.959961,1967720000
953,10/2/2017,6516.720215,1977030000
954,10/3/2017,6531.709961,1969320000
955,10/4/2017,6534.629883,1938440000
956,10/5/2017,6585.359863000001,1875670000
957,10/6/2017,6590.180176,1742470000
958,10/9/2017,6579.72998,1490620000
959,10/10/2017,6587.25,1799400000
960,10/11/2017,6603.549805,1830360000
961,10/12/2017,6591.509765999999,2000470000
962,10/13/2017,6605.799805,1756150000
963,10/16/2017,6624.0,1629480000
964,10/17/2017,6623.660156,1647240000
965,10/18/2017,6624.220215,1734030000
966,10/19/2017,6605.069824,1823860000
967,10/20/2017,6629.049805,1794810000
968,10/23/2017,6586.830078,1809320000
969,10/24/2017,6598.430176,1842640000
970,10/25/2017,6563.890136999999,2190720000
971,10/26/2017,6556.77002,2108210000
972,10/27/2017,6701.259765999999,2403600000
973,10/30/2017,6698.959961,2013640000
974,10/31/2017,6727.669922,2043890000
975,11/1/2017,6716.529785,2056860000
976,11/2/2017,6714.939941,2262940000
977,11/3/2017,6764.439941,2195010000
978,11/6/2017,6786.439941,2166470000
979,11/7/2017,6767.779785,2205270000
980,11/8/2017,6789.120117,2110990000
981,11/9/2017,6750.049805,2235180000
982,11/10/2017,6750.939941,1973970000
983,11/13/2017,6757.600098000001,1973790000
984,11/14/2017,6737.870117,1983830000
985,11/15/2017,6706.209961,1908660000
986,11/16/2017,6793.290039,2002920000
987,11/17/2017,6782.790039,1988090000
988,11/20/2017,6790.709961,1800880000
989,11/21/2017,6862.47998,1883550000
990,11/22/2017,6867.359863,1588200000
991,11/24/2017,6889.160156,848520000
992,11/27/2017,6878.52002,1773400000
993,11/28/2017,6912.359863,2000410000
994,11/29/2017,6824.390137,2452860000
995,11/30/2017,6873.970215,2458580000
996,12/1/2017,6847.589844,2293570000
997,12/4/2017,6775.370117,2426570000
998,12/5/2017,6762.209961,2083540000
999,12/6/2017,6776.379883,1891850000
1000,12/7/2017,6812.839844,1934120000
1001,12/8/2017,6840.080078,1806040000
1002,12/11/2017,6875.080078,1818970000
1003,12/12/2017,6862.319823999999,1861560000
1004,12/13/2017,6875.799805,1919560000
1005,12/14/2017,6856.529785,1985200000
1006,12/15/2017,6936.580078,3510420000
1007,12/18/2017,6994.759765999999,2144360000
1008,12/19/2017,6963.850098000001,2071060000
1009,12/20/2017,6960.959961,1874550000
1010,12/21/2017,6965.359863,1815620000
1011,12/22/2017,6959.959961,1539250000
1012,12/26/2017,6936.25,1304340000
1013,12/27/2017,6939.339844,1409540000
1014,12/28/2017,6950.160156,1311320000
1015,12/29/2017,6903.390137,1571730000
1016,1/2/2018,7006.899901999999,1914930000
1017,1/3/2018,7065.529785,2166780000
1018,1/4/2018,7077.910156,2098890000
1019,1/5/2018,7136.560059,2020900000
1020,1/8/2018,7157.390137,2051430000
1021,1/9/2018,7163.580078,2107300000
1022,1/10/2018,7153.569823999999,2122740000
1023,1/11/2018,7211.779785,2009740000
1024,1/12/2018,7261.060059,1976200000
1025,1/16/2018,7223.689941,2377140000
1026,1/17/2018,7298.279785,2238070000
1027,1/18/2018,7296.049805,2026220000
1028,1/19/2018,7336.379883,1997270000
1029,1/22/2018,7408.029785,2106070000
1030,1/23/2018,7460.290039,2119840000
1031,1/24/2018,7415.060059,2277010000
1032,1/25/2018,7411.160156,2061450000
1033,1/26/2018,7505.77002,2059010000
1034,1/29/2018,7466.509765999999,2103380000
1035,1/30/2018,7402.47998,2163980000
1036,1/31/2018,7411.47998,2407540000
1037,2/1/2018,7385.859863,2291680000
1038,2/2/2018,7240.950195,2587770000
1039,2/5/2018,6967.529785,3106870000
1040,2/6/2018,7115.879883,3131030000
1041,2/7/2018,7051.97998,2366970000
1042,2/8/2018,6777.160156,2707700000
1043,2/9/2018,6874.490234000001,3155990000
1044,2/12/2018,6981.959961,2240420000
1045,2/13/2018,7013.509765999999,1816670000
1046,2/14/2018,7143.620117,2211460000
1047,2/15/2018,7256.430176000001,2110700000
1048,2/16/2018,7239.470215,2019830000
1049,2/20/2018,7234.310059,1911170000
1050,2/21/2018,7218.22998,1946010000
1051,2/22/2018,7210.089844,1911900000
1052,2/23/2018,7337.390137,1879460000
1053,2/26/2018,7421.459961,1866610000
1054,2/27/2018,7330.350098000001,2155850000
1055,2/28/2018,7273.009765999999,2373880000
1056,3/1/2018,7180.560059,2489040000
1057,3/2/2018,7257.870117,2287320000
1058,3/5/2018,7330.709961,2066350000
1059,3/6/2018,7372.009765999999,2112570000
1060,3/7/2018,7396.649901999999,2192230000
1061,3/8/2018,7427.950195,2272110000
1062,3/9/2018,7560.810059,2302930000
1063,3/12/2018,7588.319823999999,2294440000
1064,3/13/2018,7511.009765999999,2448830000
1065,3/14/2018,7496.810059,2104450000
1066,3/15/2018,7481.740234000001,1991570000
1067,3/16/2018,7481.990234000001,3046990000
1068,3/19/2018,7344.240234000001,2327430000
1069,3/20/2018,7364.299805,1967690000
1070,3/21/2018,7345.290039,1988390000
1071,3/22/2018,7166.680176000001,2347160000
1072,3/23/2018,6992.669922,2390410000
1073,3/26/2018,7220.540039,2326060000
1074,3/27/2018,7008.810059,2325990000
1075,3/28/2018,6949.22998,2518670000
1076,3/29/2018,7063.450195,2554500000
1077,4/2/2018,6870.120117,2394730000
1078,4/3/2018,6941.279785,2328510000
1079,4/4/2018,7042.109863,2254070000
1080,4/5/2018,7076.549805,2124660000
1081,4/6/2018,6915.109863,2350540000
1082,4/9/2018,6950.339844,2080900000
1083,4/10/2018,7094.299805,2238770000
1084,4/11/2018,7069.029785,1852120000
1085,4/12/2018,7140.25,2021110000
1086,4/13/2018,7106.649901999999,1743640000
1087,4/16/2018,7156.279785,1795950000
1088,4/17/2018,7281.100098000001,1913230000
1089,4/18/2018,7295.240234000001,1893220000
1090,4/19/2018,7238.060059,1963950000
1091,4/20/2018,7146.129883,1921790000
1092,4/23/2018,7128.600098000001,1737370000
1093,4/24/2018,7007.350098000001,2149250000
1094,4/25/2018,7003.740234000001,2026690000
1095,4/26/2018,7118.680176000001,2127140000
1096,4/27/2018,7119.799805,2027530000
1097,4/30/2018,7066.27002,1987020000
1098,5/1/2018,7130.700195,1929110000
1099,5/2/2018,7100.899901999999,2144200000
1100,5/3/2018,7088.149901999999,2345740000
1101,5/4/2018,7209.620117,2022230000
1102,5/7/2018,7265.209961,1939980000
1103,5/8/2018,7266.899901999999,2054830000
1104,5/9/2018,7339.910156,2241480000
1105,5/10/2018,7404.970215,2233460000
1106,5/11/2018,7402.879883,2083030000
1107,5/14/2018,7411.319823999999,2075670000
1108,5/15/2018,7351.629883,2114040000
1109,5/16/2018,7398.299805,2083660000
1110,5/17/2018,7382.470215,1931700000
1111,5/18/2018,7354.339844,1966710000
1112,5/21/2018,7394.040039,1949100000
1113,5/22/2018,7378.459961,1908280000
1114,5/23/2018,7425.959961,1980450000
1115,5/24/2018,7424.430176000001,1992460000
1116,5/25/2018,7433.850098000001,1757660000
1117,5/29/2018,7396.589844,2087370000
1118,5/30/2018,7462.450195,2049450000
1119,5/31/2018,7442.120117,2514610000
1120,6/1/2018,7554.330078,2208600000
1121,6/4/2018,7606.459961,2142790000
1122,6/5/2018,7637.859863,2058630000
1123,6/6/2018,7689.240234000001,2191750000
1124,6/7/2018,7635.069823999999,2328280000
1125,6/8/2018,7645.509765999999,1941580000
1126,6/11/2018,7659.930176000001,1942940000
1127,6/12/2018,7703.790039,2006760000
1128,6/13/2018,7695.700195,2172770000
1129,6/14/2018,7761.040039,2188230000
1130,6/15/2018,7746.379883,3043790000
1131,6/18/2018,7747.029785,2093950000
1132,6/19/2018,7725.589844,2269000000
1133,6/20/2018,7781.509765999999,2305100000
1134,6/21/2018,7712.950195,2315880000
1135,6/22/2018,7692.819823999999,3928340000
1136,6/25/2018,7532.009765999999,2415090000
1137,6/26/2018,7561.629883,2058640000
1138,6/27/2018,7445.080078,2306430000
1139,6/28/2018,7503.680176000001,2195400000
1140,6/29/2018,7510.299805,2192010000
1141,7/2/2018,7567.689941,1767910000
1142,7/3/2018,7502.669922,1179310000
1143,7/5/2018,7586.430176000001,1745030000
1144,7/6/2018,7688.390137,1704580000
1145,7/9/2018,7756.200195,1837330000
1146,7/10/2018,7759.200195,1725210000
1147,7/11/2018,7716.609863,1761420000
1148,7/12/2018,7823.919922,1926110000
1149,7/13/2018,7825.97998,1714140000
1150,7/16/2018,7805.720215,1730190000
1151,7/17/2018,7855.120117,1740680000
1152,7/18/2018,7854.439941,1857670000
1153,7/19/2018,7825.299805,1853030000
1154,7/20/2018,7820.200195,1786250000
1155,7/23/2018,7841.870117,1654290000
1156,7/24/2018,7840.77002,2014850000
1157,7/25/2018,7932.240234000001,1902790000
1158,7/26/2018,7852.180176000001,2263070000
1159,7/27/2018,7737.419922,2176170000
1160,7/30/2018,7630.0,2143410000
1161,7/31/2018,7671.790039,2195050000
1162,8/1/2018,7707.290039,2223550000
1163,8/2/2018,7802.689941,2081300000
1164,8/3/2018,7812.009765999999,2018700000
1165,8/6/2018,7859.680176000001,2238170000
1166,8/7/2018,7883.660156,2197590000
1167,8/8/2018,7888.330078,2087850000
1168,8/9/2018,7891.779785,2032950000
1169,8/10/2018,7839.109863,2095180000
1170,8/13/2018,7819.709961,1914240000
1171,8/14/2018,7870.890137,1917360000
1172,8/15/2018,7774.120117,2286960000
1173,8/16/2018,7806.52002,1979540000
1174,8/17/2018,7816.330078,1843150000
1175,8/20/2018,7821.009765999999,1698970000
1176,8/21/2018,7859.169922,1766630000
1177,8/22/2018,7889.100098000001,1660460000
1178,8/23/2018,7878.459961,1879890000
1179,8/24/2018,7945.97998,1886600000
1180,8/27/2018,8017.899901999999,2319130000
1181,8/28/2018,8030.040039,1961300000
1182,8/29/2018,8109.689941,1897000000
1183,8/30/2018,8088.359863,2014450000
1184,8/31/2018,8109.540039,1899910000
1185,9/4/2018,8091.25,2229520000
1186,9/5/2018,7995.169922,2596780000
1187,9/6/2018,7922.72998,2368680000
1188,9/7/2018,7902.540039,2146380000
1189,9/10/2018,7924.160156,2041450000
1190,9/11/2018,7972.470215,2336600000
1191,9/12/2018,7954.22998,2341850000
1192,9/13/2018,8013.709961,2318720000
1193,9/14/2018,8010.040039,2033720000
1194,9/17/2018,7895.790039,2284140000
1195,9/18/2018,7956.109863,2317990000
1196,9/19/2018,7950.040039,2156730000
1197,9/20/2018,8028.22998,2287150000
1198,9/21/2018,7986.959961,3706820000
1199,9/24/2018,7993.25,2416380000
1200,9/25/2018,8007.470215,2288140000
1201,9/26/2018,7990.370117,2297030000
1202,9/27/2018,8041.970215,2053770000
1203,9/28/2018,8046.350098000001,2323940000
1204,10/1/2018,8037.299805,2283230000
1205,10/2/2018,7999.549805,2391370000
1206,10/3/2018,8025.089844,3057330000
1207,10/4/2018,7879.509765999999,3284550000
1208,10/5/2018,7788.450195,2672900000
1209,10/8/2018,7735.950195,2239640000
1210,10/9/2018,7738.02002,2459040000
1211,10/10/2018,7422.049805,3077330000
1212,10/11/2018,7329.060059,3139290000
1213,10/12/2018,7496.890137,2650290000
1214,10/15/2018,7430.740234000001,2148850000
1215,10/16/2018,7645.490234000001,2623300000
1216,10/17/2018,7642.700195,2364720000
1217,10/18/2018,7485.140137,2545950000
1218,10/19/2018,7449.029785,2532220000
1219,10/22/2018,7468.629883,2282400000
1220,10/23/2018,7437.540039,2735820000
1221,10/24/2018,7108.399901999999,2935550000
1222,10/25/2018,7318.339844,2741810000
1223,10/26/2018,7167.209961,2964780000
1224,10/29/2018,7050.290039,2689550000
1225,10/30/2018,7161.649901999999,2681310000
1226,10/31/2018,7305.899901999999,2899730000
1227,11/1/2018,7434.060059,2708880000
1228,11/2/2018,7356.990234000001,2889910000
1229,11/5/2018,7328.850098000001,2166470000
1230,11/6/2018,7375.959961,2285680000
1231,11/7/2018,7570.75,2677530000
1232,11/8/2018,7530.879883,2462430000
1233,11/9/2018,7406.899901999999,2418490000
1234,11/12/2018,7200.870117,2289070000
1235,11/13/2018,7200.870117,2343940000
1236,11/14/2018,7136.390137,2540220000
1237,11/15/2018,7259.029785,2508720000
1238,11/16/2018,7247.870117,2438260000
1239,11/19/2018,7028.47998,2354020000
1240,11/20/2018,6908.819823999999,2664950000
1241,11/21/2018,6972.25,1858050000
1242,11/23/2018,6938.97998,958950000
1243,11/26/2018,7081.850098000001,2011180000
1244,11/27/2018,7082.700195,2067360000
1245,11/28/2018,7291.589844,2390260000
1246,11/29/2018,7273.080078,1983460000
1247,11/30/2018,7330.540039,2542820000
1248,12/3/2018,7441.509765999999,2621020000
1249,12/4/2018,7158.430176000001,2635810000
1250,12/6/2018,7188.259765999999,2833870000
1251,12/7/2018,6969.25,2475160000
1252,12/10/2018,7020.52002,2367560000
1253,12/11/2018,7031.830078,2246060000
1254,12/12/2018,7098.310059,2412300000
1255,12/13/2018,7070.330078,2143520000
1256,12/14/2018,6910.660156,2200510000
1257,12/17/2018,6753.72998,2665240000
1258,12/18/2018,6783.910156,2595400000
1259,12/19/2018,6636.830078,2899950000
1260,12/20/2018,6528.410156,3258090000
1261,12/21/2018,6332.990234000001,4534120000
1262,12/24/2018,6192.919922,1647270000
1263,12/26/2018,6554.359863000001,2558940000
1264,12/27/2018,6579.490234000001,2415870000
1265,12/28/2018,6584.52002,2199090000
1266,12/31/2018,6635.279785,2098560000
1267,1/2/2019,6665.939941,2261800000
1268,1/3/2019,6463.5,2607290000
1269,1/4/2019,6738.859863,2579550000
1270,1/7/2019,6823.470215,2507550000
1271,1/8/2019,6897.0,2380290000
1272,1/9/2019,6957.080078,2422590000
1273,1/10/2019,6986.069823999999,2179080000
1274,1/11/2019,6971.47998,2066500000
1275,1/14/2019,6905.919922,1942210000
1276,1/15/2019,7023.830078,2038090000
1277,1/16/2019,7034.689941,2149580000
1278,1/17/2019,7084.459961,2128840000
1279,1/18/2019,7157.22998,2451240000
1280,1/22/2019,7020.359863,2380950000
1281,1/23/2019,7025.77002,2274420000
1282,1/24/2019,7073.459961,2400290000
1283,1/25/2019,7164.859863,2440840000
1284,1/28/2019,7085.680176000001,2435480000
1285,1/29/2019,7028.290039,2089690000
1286,1/30/2019,7183.080078,2544050000
1287,1/31/2019,7281.740234000001,2918710000
1288,2/1/2019,7263.870117,2383430000
1289,2/4/2019,7347.540039,2099470000
1290,2/5/2019,7402.080078,2265520000
1291,2/6/2019,7375.279785,2167130000
1292,2/7/2019,7288.350098000001,2295080000
1293,2/8/2019,7298.200195,2086260000
1294,2/11/2019,7307.899901999999,1897800000
1295,2/12/2019,7414.620117,2124330000
1296,2/13/2019,7420.379883,2093800000
1297,2/14/2019,7426.950195,2103370000
1298,2/15/2019,7472.410156,2257750000
1299,2/19/2019,7486.77002,2120790000
1300,2/20/2019,7489.069823999999,2181760000
1301,2/21/2019,7459.709961,2119080000
1302,2/22/2019,7527.540039,2417680000
1303,2/25/2019,7554.459961,2363140000
1304,2/26/2019,7549.299805,2257710000
1305,2/27/2019,7554.509765999999,2423360000
1306,2/28/2019,7532.529785,2647080000
1307,3/1/2019,7595.350098000001,2463190000
1308,3/4/2019,7577.569823999999,2569590000
1309,3/5/2019,7576.359863,2142610000
1310,3/6/2019,7505.919922,2242810000
1311,3/7/2019,7421.459961,2440840000
1312,3/8/2019,7408.140137,2245430000
1313,3/11/2019,7558.060059,2226950000
1314,3/12/2019,7591.029785,2161400000
1315,3/13/2019,7643.410156,2366350000
1316,3/14/2019,7630.910156,2176510000
1317,3/15/2019,7688.529785,3447190000
1318,3/18/2019,7714.47998,2274490000
1319,3/19/2019,7723.950195,2433160000
1320,3/20/2019,7728.970215,2424400000
1321,3/21/2019,7838.959961,2483580000
1322,3/22/2019,7642.669922,2490730000
1323,3/25/2019,7637.540039,2130230000
1324,3/26/2019,7691.52002,2068900000
1325,3/27/2019,7643.379883,2221650000
1326,3/28/2019,7669.169922,1902060000
1327,3/29/2019,7729.319823999999,2233470000
1328,4/1/2019,7828.910156,2198050000
1329,4/2/2019,7848.689941,2110100000
1330,4/3/2019,7895.549805,2487210000
1331,4/4/2019,7891.779785,2094200000
1332,4/5/2019,7938.689941,2148730000
1333,4/8/2019,7953.879883,2069190000
1334,4/9/2019,7909.279785,2067570000
1335,4/10/2019,7964.240234000001,1998280000
1336,4/11/2019,7947.359863,1956840000
1337,4/12/2019,7984.160156,1955290000
1338,4/15/2019,7976.009765999999,1816920000
1339,4/16/2019,8000.22998,2095330000
1340,4/17/2019,7996.080078,2290690000
1341,4/18/2019,7998.060059,2089360000
1342,4/22/2019,8015.27002,1776060000
1343,4/23/2019,8120.819823999999,2075070000
1344,4/24/2019,8102.009765999999,2022490000
1345,4/25/2019,8118.680176000001,2063270000
1346,4/26/2019,8146.399901999999,1971270000
1347,4/29/2019,8161.850098000001,1761110000
1348,4/30/2019,8095.390137,2115770000
1349,5/1/2019,8049.640137,2247420000
1350,5/2/2019,8036.77002,2158600000
1351,5/3/2019,8164.0,2046040000
1352,5/6/2019,8123.290039,1966120000
1353,5/7/2019,7963.759765999999,2376660000
1354,5/8/2019,7943.319823999999,2175100000
1355,5/9/2019,7910.589844,2520770000
1356,5/10/2019,7916.939941,2387720000
1357,5/13/2019,7647.02002,2478860000
1358,5/14/2019,7734.490234000001,2084850000
1359,5/15/2019,7822.149901999999,2001530000
1360,5/16/2019,7898.049805,2163120000
1361,5/17/2019,7816.279785,2134120000
1362,5/20/2019,7702.379883,2122410000
1363,5/21/2019,7785.720215,1993210000
1364,5/22/2019,7750.839844,1881830000
1365,5/23/2019,7628.279785,2243420000
1366,5/24/2019,7637.009765999999,1682920000
1367,5/28/2019,7607.350098000001,2352670000
1368,5/29/2019,7547.310059,2278790000
1369,5/30/2019,7567.720215,1872000000
1370,5/31/2019,7453.149901999999,2236940000
1371,6/3/2019,7333.02002,2576920000
1372,6/4/2019,7527.120117,2369150000
1373,6/5/2019,7575.47998,2115570000
1374,6/6/2019,7615.549805,2070940000
1375,6/7/2019,7742.100098000001,2066020000
1376,6/10/2019,7823.169922,2049370000
1377,6/11/2019,7822.569823999999,2114680000
1378,6/12/2019,7792.720215,1952790000
1379,6/13/2019,7837.129883,1838930000
1380,6/14/2019,7796.660156,1804340000
1381,6/17/2019,7845.02002,1935290000
1382,6/18/2019,7953.879883,2244920000
1383,6/19/2019,7987.319823999999,2014080000
1384,6/20/2019,8051.339844,2053530000
1385,6/21/2019,8031.709961,2894340000
1386,6/24/2019,8005.700195,2070370000
1387,6/25/2019,7884.720215,2127310000
1388,6/26/2019,7909.970215,2104750000
1389,6/27/2019,7967.759765999999,2023120000
1390,6/28/2019,8006.240234000001,4078990000
1391,7/1/2019,8091.160156,2208900000
1392,7/2/2019,8109.089844,1946320000
1393,7/3/2019,8170.22998,1548190000
1394,7/5/2019,8161.790039,149410000
1395,7/8/2019,8098.379883,177320000
1396,7/9/2019,8141.72998,1866770000
1397,7/10/2019,8202.530273,2060510000
1398,7/11/2019,8196.040039,1966970000
1399,7/12/2019,8244.139648,1824870000
1400,7/15/2019,8258.19043,1783980000
1401,7/16/2019,8222.799805,1933960000
1402,7/17/2019,8185.209961,1846960000
1403,7/18/2019,8207.240234,2016310000
1404,7/19/2019,8146.490234000001,1878730000
1405,7/22/2019,8204.139648,1845770000
1406,7/23/2019,8251.400391,1832220000
1407,7/24/2019,8321.5,1947550000
1408,7/25/2019,8238.540039,2023130000
1409,7/26/2019,8330.209961,1954350000
1410,7/29/2019,8293.330078,1874780000
1411,7/30/2019,8273.610352,1884300000
1412,7/31/2019,8175.419922,2667060000
1413,8/1/2019,8111.120117,2792650000
1414,8/2/2019,8004.069823999999,2252550000
1415,8/5/2019,7726.040039,2636740000
1416,8/6/2019,7833.27002,2201610000
1417,8/7/2019,7862.830078,2453230000
1418,8/8/2019,8039.160156,2415670000
1419,8/9/2019,7959.140137,2224330000
1420,8/12/2019,7863.410156,2056360000
1421,8/13/2019,8016.359863,2346980000
1422,8/14/2019,7773.939941,2522870000
1423,8/15/2019,7766.620117,2182590000
1424,8/16/2019,7895.990234000001,1995130000
1425,8/19/2019,8002.810059,1934980000
1426,8/20/2019,7948.560059,1747580000
1427,8/21/2019,8020.209961,1716370000
1428,8/22/2019,7991.390137,1777630000
1429,8/23/2019,7751.77002,2207070000
1430,8/26/2019,7853.740234000001,1688860000
1431,8/27/2019,7826.950195,1913760000
1432,8/28/2019,7856.879883,1656930000
1433,8/29/2019,7973.390137,1700840000
1434,8/30/2019,7962.879883,1665840000
1435,9/3/2019,7874.160156,1936210000
1436,9/4/2019,7976.879883,1891300000
1437,9/5/2019,8116.830078,2096300000
1438,9/6/2019,8103.069823999999,1876380000
1439,9/9/2019,8087.439941,2172240000
1440,9/10/2019,8084.160156,2362860000
1441,9/11/2019,8169.680176000001,2310440000
1442,9/12/2019,8194.469727,2159260000
1443,9/13/2019,8176.709961,1976770000
1444,9/16/2019,8153.540039,1869220000
1445,9/17/2019,8186.02002,1850340000
1446,9/18/2019,8177.390137,2034880000
1447,9/19/2019,8182.879883,1792700000
1448,9/20/2019,8117.669922,3359380000
1449,9/23/2019,8112.459961,1780160000
1450,9/24/2019,7993.629883,2302600000
1451,9/25/2019,8077.379883,2015270000
1452,9/26/2019,8030.660156,1832800000
1453,9/27/2019,7939.629883,2037720000
1454,9/30/2019,7999.339844,1805820000
1455,10/1/2019,7908.680176000001,2243650000
1456,10/2/2019,7785.25,2495160000
1457,10/3/2019,7872.259765999999,2141490000
1458,10/4/2019,7982.470215,1736890000
1459,10/7/2019,7956.290039,1739450000
1460,10/8/2019,7823.779785,1933580000
1461,10/9/2019,7903.740234000001,1553900000
1462,10/10/2019,7950.779785,1778740000
1463,10/11/2019,8057.040039,2176080000
1464,10/14/2019,8048.649901999999,1419730000
1465,10/15/2019,8148.709961,1836650000
1466,10/16/2019,8124.180176000001,1886720000
1467,10/17/2019,8156.850098000001,1861570000
1468,10/18/2019,8089.540039,2012930000
1469,10/21/2019,8162.990234000001,1752860000
1470,10/22/2019,8104.299805,1847200000
1471,10/23/2019,8119.790039,1805030000
1472,10/24/2019,8185.799805,1882490000
1473,10/25/2019,8243.120117,1894740000
1474,10/28/2019,8325.990234,1956280000
1475,10/29/2019,8276.849609,1834530000
1476,10/30/2019,8303.980469,1928420000
1477,10/31/2019,8292.360352,2258270000
1478,11/1/2019,8386.400391,2057310000
1479,11/4/2019,8433.200195,2149910000
1480,11/5/2019,8434.679688,2316710000
1481,11/6/2019,8410.629883,2332650000
1482,11/7/2019,8434.519531,2393950000
1483,11/8/2019,8475.30957,1974190000
1484,11/11/2019,8464.280273,1715470000
1485,11/12/2019,8486.089844,1987820000
1486,11/13/2019,8482.099609,2173320000
1487,11/14/2019,8479.019531,2106550000
1488,11/15/2019,8540.830078,2188210000
1489,11/18/2019,8549.94043,2047240000
1490,11/19/2019,8570.660156,2075000000
1491,11/20/2019,8526.730469,2596030000
1492,11/21/2019,8506.209961,2056230000
1493,11/22/2019,8519.879883,1877090000
1494,11/25/2019,8632.490234,2256070000
1495,11/26/2019,8647.929688,2434570000
1496,11/27/2019,8705.179688,1744580000
1497,11/29/2019,8665.469727,1099090000
1498,12/2/2019,8567.990234,2225940000
1499,12/3/2019,8520.639648,2308600000
1500,12/4/2019,8566.669922,2150680000
1501,12/5/2019,8570.700195,2123380000
1502,12/6/2019,8656.530273,2053530000
1503,12/9/2019,8621.830078,2088520000
1504,12/10/2019,8616.179688,2053390000
1505,12/11/2019,8654.049805,1937850000
1506,12/12/2019,8717.320313,2388270000
1507,12/13/2019,8734.879883,2188720000
1508,12/16/2019,8814.230469,2346290000
1509,12/17/2019,8823.360352,2374120000
1510,12/18/2019,8827.740234,2727870000
1511,12/19/2019,8887.219727,2415950000
1512,12/20/2019,8924.959961,3825460000
1513,12/23/2019,8945.650391,2025450000
1514,12/24/2019,8952.879883,1014520000
1515,12/26/2019,9022.389648,1634920000
1516,12/27/2019,9006.620117,1832200000
1517,12/30/2019,8945.990234,2042420000
1518,12/31/2019,8972.599609,2182800000
1519,1/2/2020,9092.19043,2848370000
1520,1/3/2020,9020.769531,2567400000
1521,1/6/2020,9071.469727,2788120000
1522,1/7/2020,9068.580078,2352850000
1523,1/8/2020,9129.240234,2464090000
1524,1/9/2020,9203.429688,2534700000
1525,1/10/2020,9178.860352,2378990000
1526,1/13/2020,9273.929688,2530270000
1527,1/14/2020,9251.330078,2542170000
1528,1/15/2020,9258.700195,2435650000
1529,1/16/2020,9357.129883,2301400000
1530,1/17/2020,9388.94043,2522670000
1531,1/21/2020,9370.80957,2684540000
1532,1/22/2020,9383.769531,2449390000
1533,1/23/2020,9402.480469,2460050000
1534,1/24/2020,9314.910156,2611710000
1535,1/27/2020,9139.30957,2583330000
1536,1/28/2020,9269.679688,2157830000
1537,1/29/2020,9275.160156,2223480000
1538,1/30/2020,9298.929688,2333500000
1539,1/31/2020,9150.94043,2685840000
1540,2/3/2020,9273.400391,2420510000
1541,2/4/2020,9467.969727,2445420000
1542,2/5/2020,9508.679688,2462470000
1543,2/6/2020,9572.150391,2267300000
1544,2/7/2020,9520.509766,2238670000
1545,2/10/2020,9628.389648,2179310000
1546,2/11/2020,9638.94043,2423670000
1547,2/12/2020,9725.959961,2355000000
1548,2/13/2020,9711.969727,2239270000
1549,2/14/2020,9731.179688,2222240000
1550,2/18/2020,9732.740234,2273460000
1551,2/19/2020,9817.179688,2462530000
1552,2/20/2020,9750.969727,2735610000
1553,2/21/2020,9576.589844,2743010000
1554,2/24/2020,9221.280273,3177000000
1555,2/25/2020,8965.610352,3583400000
1556,2/26/2020,8980.780273,3567830000
1557,2/27/2020,8566.480469,4536080000
1558,2/28/2020,8567.370117,5301170000
1559,3/2/2020,8952.169922,4232760000
1560,3/3/2020,8684.089844,4336700000
1561,3/4/2020,9018.089844,3602870000
1562,3/5/2020,8738.589844,3748090000
1563,3/6/2020,8575.620117,4279850000
1564,3/9/2020,7950.680176000001,4530350000
1565,3/10/2020,8344.25,4431930000
1566,3/11/2020,7952.049805,4273890000
1567,3/12/2020,7201.799805,5066530000
1568,3/13/2020,7874.879883,4685890000
1569,3/16/2020,6904.589844,4594360000
1570,3/17/2020,7334.779785,4900000000
1571,3/18/2020,6989.839844,4890820000
1572,3/19/2020,7150.580078,4762170000
1573,3/20/2020,6879.52002,5239940000
1574,3/23/2020,6860.669922,4330610000
1575,3/24/2020,7417.859863,4417380000
1576,3/25/2020,7384.299805,4666440000
1577,3/26/2020,7797.540039,3999850000
1578,3/27/2020,7502.379883,3977010000
1579,3/30/2020,7774.149901999999,3846900000
1580,3/31/2020,7700.100098000001,4059700000
1581,4/1/2020,7360.580078,3685510000
1582,4/2/2020,7487.310059,3608190000
1583,4/3/2020,7373.080078,3279100000
1584,4/6/2020,7913.240234000001,3849100000
1585,4/7/2020,7887.259765999999,4069410000
1586,4/8/2020,8090.899901999999,3470730000
1587,4/9/2020,8153.580078,4123670000
1588,4/13/2020,8192.419922,3146860000
1589,4/14/2020,8515.740234,3732820000
1590,4/15/2020,8393.179688,3333750000
1591,4/16/2020,8532.360352,3995870000
1592,4/17/2020,8650.139648,4335020000
1593,4/20/2020,8560.730469,3796950000
1594,4/21/2020,8263.230469,3756290000
1595,4/22/2020,8495.379883,3025060000
1596,4/23/2020,8494.75,3734720000
1597,4/24/2020,8634.519531,3673170000
1598,4/27/2020,8730.160156,3678460000
1599,4/28/2020,8607.730469,3707540000
1600,4/29/2020,8914.709961,4378540000
1601,4/30/2020,8889.549805,4316380000
1602,5/1/2020,8604.950195,3722520000
1603,5/4/2020,8710.709961,3422150000
1604,5/5/2020,8809.120117,3913360000
1605,5/6/2020,8854.389648,3620030000
1606,5/7/2020,8979.660156,3762070000
1607,5/8/2020,9121.320313,3777340000
1608,5/11/2020,9192.339844,3898690000
1609,5/12/2020,9002.549805,4315070000
1610,5/13/2020,8863.169922,4244110000
1611,5/14/2020,8943.719727,3945080000
1612,5/15/2020,9014.55957,4221500000
1613,5/18/2020,9234.830078,4318310000
1614,5/19/2020,9185.099609,4144770000
1615,5/20/2020,9375.780273,4292470000
1616,5/21/2020,9284.879883,3725950000
1617,5/22/2020,9324.589844,3641830000
1618,5/26/2020,9340.219727,4432310000
1619,5/27/2020,9412.360352,4462450000
1620,5/28/2020,9368.990234,4064220000
1621,5/29/2020,9489.870117,4710060000
1622,6/1/2020,9552.049805,3824770000
1623,6/2/2020,9608.379883,3962460000
1624,6/3/2020,9682.910156,4638380000
1625,6/4/2020,9615.80957,6074320000
1626,6/5/2020,9814.080078,6572850000
1627,6/8/2020,9924.75,6143120000
1628,6/9/2020,9953.75,5281860000
1629,6/10/2020,10020.34961,5128400000
1630,6/11/2020,9492.730469,5271000000
1631,6/12/2020,9588.80957,4366190000
1632,6/15/2020,9726.019531,4440650000
1633,6/16/2020,9895.870117,4639860000
1634,6/17/2020,9910.530273,4249680000
1635,6/18/2020,9943.049805,4294740000
1636,6/19/2020,9946.120117,6068130000
1637,6/22/2020,10056.48047,4468000000
1638,6/23/2020,10131.37012,5712450000
1639,6/24/2020,9909.169922,5549440000
1640,6/25/2020,10017.0,4709620000
1641,6/26/2020,9757.219727,7279230000
1642,6/29/2020,9874.150391,4306120000
1643,6/30/2020,10058.76953,4474000000
1644,7/1/2020,10154.62988,4595970000
1645,7/2/2020,10207.62988,4017530000
1646,7/6/2020,10433.65039,4529480000
1647,7/7/2020,10343.88965,4314110000
1648,7/8/2020,10492.5,3999180000
1649,7/9/2020,10547.75,3992920000
1650,7/10/2020,10617.44043,3509810000
1651,7/13/2020,10390.83984,4822050000
1652,7/14/2020,10488.58008,4419480000
1653,7/15/2020,10550.49023,4610540000
1654,7/16/2020,10473.83008,4237290000
1655,7/17/2020,10503.19043,4334280000
1656,7/20/2020,10767.08984,4274340000
1657,7/21/2020,10680.36035,5311750000
1658,7/22/2020,10706.12988,4074020000
1659,7/23/2020,10461.41992,4469470000
1660,7/24/2020,10363.17969,4205330000
1661,7/27/2020,10536.26953,4209900000
1662,7/28/2020,10402.08984,3869230000
1663,7/29/2020,10542.94043,3970900000
1664,7/30/2020,10587.80957,4135200000
1665,7/31/2020,10745.26953,4418390000
1666,8/3/2020,10902.799809999999,4173600000
1667,8/4/2020,10941.16992,3973570000
1668,8/5/2020,10998.40039,4119550000
1669,8/6/2020,11108.07031,4086290000
1670,8/7/2020,11010.98047,4230720000
1671,8/10/2020,10968.36035,4018530000
1672,8/11/2020,10782.82031,4303980000
1673,8/12/2020,11012.24023,3716840000
1674,8/13/2020,11042.5,3444140000
1675,8/14/2020,11019.299809999999,3491320000
1676,8/17/2020,11129.73047,3193160000
1677,8/18/2020,11210.83984,3199470000
1678,8/19/2020,11146.45996,3467890000
1679,8/20/2020,11264.9502,4170980000
1680,8/21/2020,11311.799809999999,3905670000
1681,8/24/2020,11379.719729999999,3885880000
1682,8/25/2020,11466.469729999999,3454500000
1683,8/26/2020,11665.05957,3441550000
1684,8/27/2020,11625.33984,3535800000
1685,8/28/2020,11695.62988,2997810000
1686,8/31/2020,11775.45996,3596980000
1687,9/1/2020,11939.66992,3480780000
1688,9/2/2020,12056.44043,3966140000
1689,9/3/2020,11458.09961,4437500000
1690,9/4/2020,11313.12988,4269190000
1691,9/8/2020,10847.69043,3872230000
1692,9/9/2020,11141.55957,3531780000
1693,9/10/2020,10919.58984,3814100000
1694,9/11/2020,10853.549809999999,3609190000
1695,9/14/2020,11056.65039,3716820000
1696,9/15/2020,11190.32031,3772820000
1697,9/16/2020,11050.469729999999,3661710000
1698,9/17/2020,10910.280270000001,3726750000
1699,9/18/2020,10793.280270000001,5745690000
1700,9/21/2020,10778.799809999999,3885200000
1701,9/22/2020,10963.63965,3492020000
1702,9/23/2020,10632.99023,4074600000
1703,9/24/2020,10672.26953,4080730000
1704,9/25/2020,10913.55957,3767230000
1705,9/28/2020,11117.530270000001,3562900000
1706,9/29/2020,11085.25,3363870000
1707,9/30/2020,11167.50977,4228200000
1708,10/1/2020,11326.50977,3978100000
1709,10/2/2020,11075.01953,3715090000
1710,10/5/2020,11332.49023,3597940000
1711,10/6/2020,11154.59961,4360550000
1712,10/7/2020,11364.59961,3891460000
1713,10/8/2020,11420.98047,3486530000
1714,10/9/2020,11579.94043,3475620000
1715,10/12/2020,11876.25977,3862990000
1716,10/13/2020,11863.90039,3607730000
1717,10/14/2020,11768.73047,3393010000
1718,10/15/2020,11713.87012,3304490000
1719,10/16/2020,11671.55957,3156270000
1720,10/19/2020,11478.87988,3455430000
1721,10/20/2020,11516.49023,3483200000
1722,10/21/2020,11484.69043,3445520000
1723,10/22/2020,11506.00977,3414590000
1724,10/23/2020,11548.280270000001,3134240000
1725,10/26/2020,11358.94043,3186950000
1726,10/27/2020,11431.34961,3079530000
1727,10/28/2020,11004.87012,3912580000
1728,10/29/2020,11185.58984,3222460000
1729,10/30/2020,10911.58984,3662840000
1730,11/2/2020,10957.61035,3196720000
1731,11/3/2020,11160.57031,3190710000
1732,11/4/2020,11590.780270000001,3606820000
1733,11/5/2020,11890.92969,3823380000
1734,11/6/2020,11895.23047,4156030000
1735,11/9/2020,11713.780270000001,5823620000
1736,11/10/2020,11553.86035,4712950000
1737,11/11/2020,11786.42969,3823270000
1738,11/12/2020,11709.58984,3862690000
1739,11/13/2020,11829.29004,3640680000
1740,11/16/2020,11924.12988,4138920000
1741,11/17/2020,11899.33984,4122770000
1742,11/18/2020,11801.59961,4699160000
1743,11/19/2020,11904.70996,5322580000
1744,11/20/2020,11854.969729999999,5319340000
1745,11/23/2020,11880.62988,5360830000
1746,11/24/2020,12036.79004,6277790000
1747,11/25/2020,12094.40039,4425030000
1748,11/27/2020,12205.84961,3401890000
1749,11/30/2020,12198.74023,7693430000
1750,12/1/2020,12355.11035,6467180000
1751,12/2/2020,12349.37012,5150820000
1752,12/3/2020,12377.17969,5182100000
1753,12/4/2020,12464.23047,5044210000
1754,12/7/2020,12519.9502,4741690000
1755,12/8/2020,12582.76953,4758170000
1756,12/9/2020,12338.9502,5131720000
1757,12/10/2020,12405.80957,4470060000
1758,12/11/2020,12377.87012,4268140000
1759,12/14/2020,12440.04004,4458140000
1760,12/15/2020,12595.05957,4377950000
1761,12/16/2020,12658.19043,4561600000
1762,12/17/2020,12764.75,4994090000
1763,12/18/2020,12755.63965,7088670000
1764,12/21/2020,12742.51953,5156470000
1765,12/22/2020,12807.91992,5700760000
1766,12/23/2020,12771.11035,7028650000
1767,12/24/2020,12804.73047,3305950000
1768,12/28/2020,12899.41992,5076340000
1769,12/29/2020,12850.219729999999,4680780000
1770,12/30/2020,12870.0,5292210000
1771,12/31/2020,12888.280270000001,4771390000
1772,1/4/2021,12698.4502,6546740000
1773,1/5/2021,12818.95996,6904420000
1774,1/6/2021,12740.79004,7648340000
1775,1/7/2021,13067.48047,6777010000
1776,1/8/2021,13201.98047,7223660000
1777,1/11/2021,13036.42969,6876420000
1778,1/12/2021,13072.42969,7181380000
1779,1/13/2021,13128.9502,7072920000
1780,1/14/2021,13112.63965,6671090000
1781,1/15/2021,12998.5,6402970000
1782,1/19/2021,13197.17969,6229100000
1783,1/20/2021,13457.25,6771630000
1784,1/21/2021,13530.91016,7183390000
1785,1/22/2021,13543.05957,5931240000
1786,1/25/2021,13635.990230000001,7139410000
1787,1/26/2021,13626.05957,6781460000
1788,1/27/2021,13270.59961,11102160000
1789,1/28/2021,13337.16016,9823150000
1790,1/29/2021,13070.69043,7809670000
1791,2/1/2021,13403.38965,7014220000
1792,2/2/2021,13612.78027,7240220000
1793,2/3/2021,13610.54004,7465240000
1794,2/4/2021,13777.740230000001,7218680000
1795,2/5/2021,13856.299809999999,6697720000
1796,2/8/2021,13987.63965,8439940000
1797,2/9/2021,14007.7002,8658980000
1798,2/10/2021,13972.53027,10165550000
1799,2/11/2021,14025.769530000001,10000200000
1800,2/12/2021,14095.46973,7352960000
1801,2/16/2021,14047.5,7646300000
1802,2/17/2021,13965.490230000001,7227140000
1803,2/18/2021,13865.36035,6454280000
1804,2/19/2021,13874.45996,6686060000
1805,2/22/2021,13533.049809999999,6435100000
1806,2/23/2021,13465.2002,7482840000
1807,2/24/2021,13597.96973,5793430000
1808,2/25/2021,13119.42969,6335240000
1809,2/26/2021,13192.34961,5883880000
1810,3/1/2021,13588.830080000002,5047710000
1811,3/2/2021,13358.79004,4920320000
1812,3/3/2021,12997.75,5493960000
1813,3/4/2021,12723.469729999999,7799710000
1814,3/5/2021,12920.15039,7696900000
1815,3/8/2021,12609.16016,5971260000
1816,3/9/2021,13073.82031,6294910000
1817,3/10/2021,13068.83008,5991730000
1818,3/11/2021,13398.66992,5956260000
1819,3/12/2021,13319.86035,5472340000
1820,3/15/2021,13459.70996,5933440000
1821,3/16/2021,13471.57031,5463770000
1822,3/17/2021,13525.2002,5465500000
1823,3/18/2021,13116.16992,5699900000
1824,3/19/2021,13215.24023,7591530000
1825,3/22/2021,13377.54004,5302770000
1826,3/23/2021,13227.7002,5607860000
1827,3/24/2021,12961.88965,6184470000
1828,3/25/2021,12977.67969,5608640000
1829,3/26/2021,13138.73047,5195330000
1830,3/29/2021,13059.65039,4934000000
1831,3/30/2021,13045.38965,4685320000
1832,3/31/2021,13246.87012,4980670000
1833,4/1/2021,13480.11035,4553470000
1834,4/5/2021,13705.58984,4439970000
1835,4/6/2021,13698.37988,4038510000
1836,4/7/2021,13688.83984,4078990000
1837,4/8/2021,13829.30957,4133640000
1838,4/9/2021,13900.19043,3906460000
1839,4/12/2021,13850.0,4230160000
1840,4/13/2021,13996.09961,4200290000
1841,4/14/2021,13857.83984,4102380000
1842,4/15/2021,14038.759769999999,4382620000
1843,4/16/2021,14052.33984,4414640000
1844,4/19/2021,13914.769530000001,4349340000
1845,4/20/2021,13786.269530000001,4229410000
1846,4/21/2021,13950.21973,3967090000
1847,4/22/2021,13818.41016,4397030000
1848,4/23/2021,14016.80957,4332500000
1849,4/26/2021,14138.78027,4479480000
1850,4/27/2021,14090.21973,4665430000
1851,4/28/2021,14051.03027,4532050000
1852,4/29/2021,14082.549809999999,4854340000
1853,4/30/2021,13962.67969,4762770000
1854,5/3/2021,13895.12012,4718850000
1855,5/4/2021,13633.5,5852850000
1856,5/5/2021,13582.419919999998,4517100000
1857,5/6/2021,13632.83984,5000710000
1858,5/7/2021,13752.240230000001,4376800000
1859,5/10/2021,13401.86035,4795690000
1860,5/11/2021,13389.42969,4719720000
1861,5/12/2021,13031.67969,4730740000
1862,5/13/2021,13124.99023,4681530000
1863,5/14/2021,13429.980469999999,4008110000
1864,5/17/2021,13379.049809999999,3980630000
1865,5/18/2021,13303.63965,4283680000
1866,5/19/2021,13299.74023,4314980000
1867,5/20/2021,13535.740230000001,3972730000
1868,5/21/2021,13470.990230000001,3704590000
1869,5/24/2021,13661.169919999998,3490650000
1870,5/25/2021,13657.169919999998,4084480000
1871,5/26/2021,13738.0,4231140000
1872,5/27/2021,13736.28027,5057550000
1873,5/28/2021,13748.740230000001,4435220000
1874,6/1/2021,13736.480469999999,4155670000
1875,6/2/2021,13756.330080000002,5059810000
1876,6/3/2021,13614.509769999999,5367460000
1877,6/4/2021,13814.490230000001,4341800000
1878,6/7/2021,13881.71973,4602940000
1879,6/8/2021,13924.91016,5894140000
1880,6/9/2021,13911.75,5607720000
1881,6/10/2021,14020.330080000002,4889500000
1882,6/11/2021,14069.419919999998,4140190000
1883,6/14/2021,14174.13965,4394380000
1884,6/15/2021,14072.86035,4517770000
1885,6/16/2021,14039.67969,4632480000
1886,6/17/2021,14161.34961,4526780000
1887,6/18/2021,14030.37988,6105960000
1888,6/21/2021,14141.480469999999,4523120000
1889,6/22/2021,14253.269530000001,4405260000
1890,6/23/2021,14271.730469999999,4394600000
1891,6/24/2021,14369.70996,4297280000
1892,6/25/2021,14360.38965,7436800000
1893,6/28/2021,14500.509769999999,4235620000
1894,6/29/2021,14528.330080000002,4842860000
1895,6/30/2021,14503.9502,5264790000
1896,7/1/2021,14522.37988,4371620000
1897,7/2/2021,14639.330080000002,3731730000
1898,7/6/2021,14663.63965,4464780000
1899,7/7/2021,14665.05957,4582030000
1900,7/8/2021,14559.78027,4550600000
1901,7/9/2021,14701.919919999998,3809040000
1902,7/12/2021,14733.240230000001,3864500000
1903,7/13/2021,14677.65039,4553380000
1904,7/14/2021,14644.9502,4461730000
1905,7/15/2021,14543.12988,4493540000
1906,7/16/2021,14427.240230000001,4048940000
1907,7/19/2021,14274.980469999999,4507040000
1908,7/20/2021,14498.87988,4618980000
1909,7/21/2021,14631.9502,4075150000
1910,7/22/2021,14684.59961,3574560000
1911,7/23/2021,14836.990230000001,3959410000
1912,7/26/2021,14840.70996,4409960000
1913,7/27/2021,14660.580080000002,4300000000
1914,7/28/2021,14762.580080000002,4235390000
1915,7/29/2021,14778.259769999999,3904590000
1916,7/30/2021,14672.67969,3628750000
1917,8/2/2021,14681.07031,3738200000
1918,8/3/2021,14761.29004,4117520000
1919,8/4/2021,14780.53027,4319400000
1920,8/5/2021,14895.12012,4087320000
1921,8/6/2021,14835.759769999999,4159050000
1922,8/9/2021,14860.17969,4095760000
1923,8/10/2021,14788.08984,3978790000
1924,8/11/2021,14765.13965,3980530000
1925,8/12/2021,14816.259769999999,4020260000
1926,8/13/2021,14822.90039,4038130000
1927,8/16/2021,14793.759769999999,3953840000
1928,8/17/2021,14656.17969,4151190000
1929,8/18/2021,14525.91016,3814120000
1930,8/19/2021,14541.79004,4172870000
1931,8/20/2021,14714.66016,3864780000
1932,8/23/2021,14942.65039,3893990000
1933,8/24/2021,15019.799809999999,3792870000
1934,8/25/2021,15041.86035,3629990000
1935,8/26/2021,14945.80957,3610970000
1936,8/27/2021,15129.5,4006310000
1937,8/30/2021,15265.88965,4034110000
1938,8/31/2021,15259.240230000001,4170170000
1939,9/1/2021,15309.37988,4248030000
1940,9/2/2021,15331.17969,4018120000
1941,9/3/2021,15363.519530000001,3692170000
1942,9/7/2021,15374.330080000002,3967040000
1943,9/8/2021,15286.63965,4113530000
1944,9/9/2021,15248.25,3997250000
1945,9/10/2021,15115.490230000001,4567980000
1946,9/13/2021,15105.580080000002,4701190000
1947,9/14/2021,15037.759769999999,4571950000
1948,9/15/2021,15161.53027,4446270000
1949,9/16/2021,15181.919919999998,3681700000
1950,9/17/2021,15043.96973,6682650000
1951,9/20/2021,14713.90039,4860630000
1952,9/21/2021,14746.40039,4056340000
1953,9/22/2021,14896.84961,4229870000
1954,9/23/2021,15052.240230000001,4176520000
1955,9/24/2021,15047.7002,3972140000
1956,9/27/2021,14969.96973,4619450000
1957,9/28/2021,14546.67969,4954270000
1958,9/29/2021,14512.44043,5246170000
1959,9/30/2021,14448.580080000002,5910550000
1960,10/1/2021,14566.7002,4688550000
1961,10/4/2021,14255.480469999999,4539650000
1962,10/5/2021,14433.830080000002,4143190000
1963,10/6/2021,14501.91016,4443760000
